name,hp,attack,defense,sp_attack,sp_defense,speed,type1,is_legendary,battle_style
Bulbasaur,45,49,49,65,65,45,grass,0,Balanced
Ivysaur,60,62,63,80,80,60,grass,0,Balanced
Venusaur,80,100,123,122,120,80,grass,0,Special Attacker
Charmander,39,52,43,60,50,65,fire,0,Balanced
Charmeleon,58,64,58,80,65,80,fire,0,Balanced
Charizard,78,104,78,159,115,100,fire,0,Offensive
Squirtle,44,48,65,50,64,43,water,0,Balanced
Wartortle,59,63,80,65,80,58,water,0,Balanced
Blastoise,79,103,120,135,115,78,water,0,Special Attacker
Caterpie,45,30,35,20,20,45,bug,0,Balanced
Metapod,50,20,55,25,25,30,bug,0,Balanced
Butterfree,60,45,50,90,80,70,bug,0,Balanced
Weedle,40,35,30,20,20,50,bug,0,Balanced
Kakuna,45,25,50,25,25,35,bug,0,Balanced
Beedrill,65,150,40,15,80,145,bug,0,Offensive
Pidgey,40,45,40,35,35,56,normal,0,Balanced
Pidgeotto,63,60,55,50,50,71,normal,0,Balanced
Pidgeot,83,80,80,135,80,121,normal,0,Speedster
Rattata,30,56,35,25,35,72,normal,0,Balanced
Raticate,75,71,70,40,80,77,normal,0,Balanced
Spearow,40,60,30,31,31,70,normal,0,Balanced
Fearow,65,90,65,61,61,100,normal,0,Balanced
Ekans,35,60,44,40,54,55,poison,0,Balanced
Arbok,60,95,69,65,79,80,poison,0,Balanced
Pikachu,35,55,40,50,50,90,electric,0,Balanced
Raichu,60,85,50,95,85,110,electric,0,Speedster
Sandshrew,50,75,90,10,35,40,ground,0,Balanced
Sandslash,75,100,120,25,65,65,ground,0,Balanced
Nidoran♀,55,47,52,40,40,41,poison,0,Balanced
Nidorina,70,62,67,55,55,56,poison,0,Balanced
Nidoqueen,90,92,87,75,85,76,poison,0,Balanced
Nidoran♂,46,57,40,40,40,50,poison,0,Balanced
Nidorino,61,72,57,55,55,65,poison,0,Balanced
Nidoking,81,102,77,85,75,85,poison,0,Offensive
Clefairy,70,45,48,60,65,35,fairy,0,Balanced
Clefable,95,70,73,95,90,60,fairy,0,Balanced
Vulpix,38,41,40,50,65,65,fire,0,Balanced
Ninetales,73,67,75,81,100,109,fire,0,Speedster
Jigglypuff,115,45,20,45,25,20,normal,0,Balanced
Wigglytuff,140,70,45,85,50,45,normal,0,Balanced
Zubat,40,45,35,30,40,55,poison,0,Balanced
Golbat,75,80,70,65,75,90,poison,0,Balanced
Oddish,45,50,55,75,65,30,grass,0,Balanced
Gloom,60,65,70,85,75,40,grass,0,Balanced
Vileplume,75,80,85,110,90,50,grass,0,Special Attacker
Paras,35,70,55,45,55,25,bug,0,Balanced
Parasect,60,95,80,60,80,30,bug,0,Balanced
Venonat,60,55,50,40,55,45,bug,0,Balanced
Venomoth,70,65,60,90,75,90,bug,0,Balanced
Diglett,10,55,30,35,45,90,ground,0,Balanced
Dugtrio,35,100,60,50,70,110,ground,0,Speedster
Meowth,40,35,35,50,40,90,normal,0,Balanced
Persian,65,60,60,75,65,115,normal,0,Speedster
Psyduck,50,52,48,65,50,55,water,0,Balanced
Golduck,80,82,78,95,80,85,water,0,Balanced
Mankey,40,80,35,35,45,70,fighting,0,Balanced
Primeape,65,105,60,60,70,95,fighting,0,Offensive
Growlithe,55,70,45,70,50,60,fire,0,Balanced
Arcanine,90,110,80,100,80,95,fire,0,Offensive
Poliwag,40,50,40,40,40,90,water,0,Balanced
Poliwhirl,65,65,65,50,50,90,water,0,Balanced
Poliwrath,90,95,95,70,90,70,water,0,Balanced
Abra,25,20,15,105,55,90,psychic,0,Special Attacker
Kadabra,40,35,30,120,70,105,psychic,0,Speedster
Alakazam,55,50,65,175,105,150,psychic,0,Speedster
Machop,70,80,50,35,35,35,fighting,0,Balanced
Machoke,80,100,70,50,60,45,fighting,0,Balanced
Machamp,90,130,80,65,85,55,fighting,0,Balanced
Bellsprout,50,75,35,70,30,40,grass,0,Balanced
Weepinbell,65,90,50,85,45,55,grass,0,Balanced
Victreebel,80,105,65,100,70,70,grass,0,Balanced
Tentacool,40,40,35,50,100,70,water,0,Balanced
Tentacruel,80,70,65,80,120,100,water,0,Balanced
Geodude,40,80,100,30,30,20,rock,0,Balanced
Graveler,55,95,115,45,45,35,rock,0,Balanced
Golem,80,120,130,55,65,45,rock,0,Balanced
Ponyta,50,85,55,65,65,90,fire,0,Balanced
Rapidash,65,100,70,80,80,105,fire,0,Speedster
Slowpoke,90,65,65,40,40,15,water,0,Balanced
Slowbro,95,75,180,130,80,30,water,0,Defensive
Magnemite,25,35,70,95,55,45,electric,0,Balanced
Magneton,50,60,95,120,70,70,electric,0,Special Attacker
Farfetch'd,52,90,55,58,62,60,normal,0,Balanced
Doduo,35,85,45,35,35,75,normal,0,Balanced
Dodrio,60,110,70,60,60,110,normal,0,Offensive
Seel,65,45,55,45,70,45,water,0,Balanced
Dewgong,90,70,80,70,95,70,water,0,Balanced
Grimer,80,80,50,40,50,25,poison,0,Balanced
Muk,105,105,75,65,100,50,poison,0,Balanced
Shellder,30,65,100,45,25,40,water,0,Balanced
Cloyster,50,95,180,85,45,70,water,0,Balanced
Gastly,30,35,30,100,35,80,ghost,0,Balanced
Haunter,45,50,45,115,55,95,ghost,0,Special Attacker
Gengar,60,65,80,170,95,130,ghost,0,Speedster
Onix,35,45,160,30,45,70,rock,0,Balanced
Drowzee,60,48,45,43,90,42,psychic,0,Balanced
Hypno,85,73,70,73,115,67,psychic,0,Balanced
Krabby,30,105,90,25,25,50,water,0,Balanced
Kingler,55,130,115,50,50,75,water,0,Balanced
Voltorb,40,30,50,55,55,100,electric,0,Balanced
Electrode,60,50,70,80,80,150,electric,0,Speedster
Exeggcute,60,40,80,60,45,40,grass,0,Balanced
Exeggutor,95,105,85,125,75,45,grass,0,Special Attacker
Cubone,50,50,95,40,50,35,ground,0,Balanced
Marowak,60,80,110,50,80,45,ground,0,Balanced
Hitmonlee,50,120,53,35,110,87,fighting,0,Offensive
Hitmonchan,50,105,79,35,110,76,fighting,0,Balanced
Lickitung,90,55,75,60,75,30,normal,0,Balanced
Koffing,40,65,95,60,45,35,poison,0,Balanced
Weezing,65,90,120,85,70,60,poison,0,Balanced
Rhyhorn,80,85,95,30,30,25,ground,0,Balanced
Rhydon,105,130,120,45,45,40,ground,0,Defensive
Chansey,250,5,5,35,105,50,normal,0,Balanced
Tangela,65,55,115,100,40,60,grass,0,Balanced
Kangaskhan,105,125,100,60,100,100,normal,0,Offensive
Horsea,30,40,70,70,25,60,water,0,Balanced
Seadra,55,65,95,95,45,85,water,0,Balanced
Goldeen,45,67,60,35,50,63,water,0,Balanced
Seaking,80,92,65,65,80,68,water,0,Balanced
Staryu,30,45,55,70,55,85,water,0,Balanced
Starmie,60,75,85,100,85,115,water,0,Speedster
Mr. Mime,40,45,65,100,120,90,psychic,0,Balanced
Scyther,70,110,80,55,80,105,bug,0,Offensive
Jynx,65,50,35,115,95,95,ice,0,Special Attacker
Electabuzz,65,83,57,95,85,105,electric,0,Speedster
Magmar,65,95,57,100,85,93,fire,0,Balanced
Pinsir,65,155,120,65,90,105,bug,0,Offensive
Tauros,75,100,95,40,70,110,normal,0,Speedster
Magikarp,20,10,55,15,20,80,water,0,Balanced
Gyarados,95,155,109,70,130,81,water,0,Offensive
Lapras,130,85,80,85,95,60,water,0,Balanced
Ditto,48,48,48,48,48,48,normal,0,Balanced
Eevee,55,55,50,45,65,55,normal,0,Balanced
Vaporeon,130,65,60,110,95,65,water,0,Special Attacker
Jolteon,65,65,60,110,95,130,electric,0,Speedster
Flareon,65,130,60,95,110,65,fire,0,Balanced
Porygon,65,60,70,85,75,40,normal,0,Balanced
Omanyte,35,40,100,90,55,35,rock,0,Balanced
Omastar,70,60,125,115,70,55,rock,0,Special Attacker
Kabuto,30,80,90,55,45,55,rock,0,Balanced
Kabutops,60,115,105,65,70,80,rock,0,Balanced
Aerodactyl,80,135,85,70,95,150,rock,0,Offensive
Snorlax,160,110,65,65,110,30,normal,0,Balanced
Articuno,90,85,100,95,125,85,ice,1,Balanced
Zapdos,90,90,85,125,90,100,electric,1,Special Attacker
Moltres,90,100,90,125,85,90,fire,1,Special Attacker
Dratini,41,64,45,50,50,50,dragon,0,Balanced
Dragonair,61,84,65,70,70,70,dragon,0,Balanced
Dragonite,91,134,95,100,100,80,dragon,0,Balanced
Mewtwo,106,150,70,194,120,140,psychic,1,Offensive
Mew,100,100,100,100,100,100,psychic,1,Balanced
Chikorita,45,49,65,49,65,45,grass,0,Balanced
Bayleef,60,62,80,63,80,60,grass,0,Balanced
Meganium,80,82,100,83,100,80,grass,0,Balanced
Cyndaquil,39,52,43,60,50,65,fire,0,Balanced
Quilava,58,64,58,80,65,80,fire,0,Balanced
Typhlosion,78,84,78,109,85,100,fire,0,Special Attacker
Totodile,50,65,64,44,48,43,water,0,Balanced
Croconaw,65,80,80,59,63,58,water,0,Balanced
Feraligatr,85,105,100,79,83,78,water,0,Balanced
Sentret,35,46,34,35,45,20,normal,0,Balanced
Furret,85,76,64,45,55,90,normal,0,Balanced
Hoothoot,60,30,30,36,56,50,normal,0,Balanced
Noctowl,100,50,50,86,96,70,normal,0,Balanced
Ledyba,40,20,30,40,80,55,bug,0,Balanced
Ledian,55,35,50,55,110,85,bug,0,Balanced
Spinarak,40,60,40,40,40,30,bug,0,Balanced
Ariados,70,90,70,60,70,40,bug,0,Balanced
Crobat,85,90,80,70,80,130,poison,0,Speedster
Chinchou,75,38,38,56,56,67,water,0,Balanced
Lanturn,125,58,58,76,76,67,water,0,Balanced
Pichu,20,40,15,35,35,60,electric,0,Balanced
Cleffa,50,25,28,45,55,15,fairy,0,Balanced
Igglybuff,90,30,15,40,20,15,normal,0,Balanced
Togepi,35,20,65,40,65,20,fairy,0,Balanced
Togetic,55,40,85,80,105,40,fairy,0,Balanced
Natu,40,50,45,70,45,70,psychic,0,Balanced
Xatu,65,75,70,95,70,95,psychic,0,Balanced
Mareep,55,40,40,65,45,35,electric,0,Balanced
Flaaffy,70,55,55,80,60,45,electric,0,Balanced
Ampharos,90,95,105,165,110,45,electric,0,Defensive
Bellossom,75,80,95,90,100,50,grass,0,Balanced
Marill,70,20,50,20,50,40,water,0,Balanced
Azumarill,100,50,80,60,80,50,water,0,Balanced
Sudowoodo,70,100,115,30,65,30,rock,0,Balanced
Politoed,90,75,75,90,100,70,water,0,Balanced
Hoppip,35,35,40,35,55,50,grass,0,Balanced
Skiploom,55,45,50,45,65,80,grass,0,Balanced
Jumpluff,75,55,70,55,95,110,grass,0,Speedster
Aipom,55,70,55,40,55,85,normal,0,Balanced
Sunkern,30,30,30,30,30,30,grass,0,Balanced
Sunflora,75,75,55,105,85,30,grass,0,Special Attacker
Yanma,65,65,45,75,45,95,bug,0,Balanced
Wooper,55,45,45,25,25,15,water,0,Balanced
Quagsire,95,85,85,65,65,35,water,0,Balanced
Espeon,65,65,60,130,95,110,psychic,0,Speedster
Umbreon,95,65,110,60,130,65,dark,0,Defensive
Murkrow,60,85,42,85,42,91,dark,0,Balanced
Slowking,95,75,80,100,110,30,water,0,Balanced
Misdreavus,60,60,60,85,85,85,ghost,0,Balanced
Unown,48,72,48,72,48,48,psychic,0,Balanced
Wobbuffet,190,33,58,33,58,33,psychic,0,Balanced
Girafarig,70,80,65,90,65,85,normal,0,Balanced
Pineco,50,65,90,35,35,15,bug,0,Balanced
Forretress,75,90,140,60,60,40,bug,0,Balanced
Dunsparce,100,70,70,65,65,45,normal,0,Balanced
Gligar,65,75,105,35,65,85,ground,0,Balanced
Steelix,75,125,230,55,95,30,steel,0,Balanced
Snubbull,60,80,50,40,40,30,fairy,0,Balanced
Granbull,90,120,75,60,60,45,fairy,0,Balanced
Qwilfish,65,95,85,55,55,85,water,0,Balanced
Scizor,70,150,140,65,100,75,bug,0,Balanced
Shuckle,20,10,230,10,230,5,bug,0,Balanced
Heracross,80,185,115,40,105,75,bug,0,Balanced
Sneasel,55,95,55,35,75,115,dark,0,Speedster
Teddiursa,60,80,50,50,50,40,normal,0,Balanced
Ursaring,90,130,75,75,75,55,normal,0,Balanced
Slugma,40,40,40,70,40,20,fire,0,Balanced
Magcargo,60,50,120,90,80,30,fire,0,Balanced
Swinub,50,50,40,30,30,50,ice,0,Balanced
Piloswine,100,100,80,60,60,50,ice,0,Balanced
Corsola,65,55,95,65,95,35,water,0,Balanced
Remoraid,35,65,35,65,35,65,water,0,Balanced
Octillery,75,105,75,105,75,45,water,0,Special Attacker
Delibird,45,55,45,65,45,75,ice,0,Balanced
Mantine,85,40,70,80,140,70,water,0,Balanced
Skarmory,65,80,140,40,70,70,steel,0,Balanced
Houndour,45,60,30,80,50,65,dark,0,Balanced
Houndoom,75,90,90,140,90,115,dark,0,Speedster
Kingdra,75,95,95,95,95,85,water,0,Balanced
Phanpy,90,60,60,40,40,40,ground,0,Balanced
Donphan,90,120,120,60,60,50,ground,0,Defensive
Porygon2,85,80,90,105,95,60,normal,0,Special Attacker
Stantler,73,95,62,85,65,85,normal,0,Balanced
Smeargle,55,20,35,20,45,75,normal,0,Balanced
Tyrogue,35,35,35,35,35,35,fighting,0,Balanced
Hitmontop,50,95,95,35,110,70,fighting,0,Balanced
Smoochum,45,30,15,85,65,65,ice,0,Balanced
Elekid,45,63,37,65,55,95,electric,0,Balanced
Magby,45,75,37,70,55,83,fire,0,Balanced
Miltank,95,80,105,40,70,100,normal,0,Defensive
Blissey,255,10,10,75,135,55,normal,0,Balanced
Raikou,90,85,75,115,100,115,electric,1,Speedster
Entei,115,115,85,90,75,100,fire,1,Offensive
Suicune,100,75,115,90,115,85,water,1,Defensive
Larvitar,50,64,50,45,50,41,rock,0,Balanced
Pupitar,70,84,70,65,70,51,rock,0,Balanced
Tyranitar,100,164,150,95,120,71,rock,0,Defensive
Lugia,106,90,130,90,154,110,psychic,1,Defensive
Ho-Oh,106,130,90,110,154,90,fire,1,Offensive
Celebi,100,100,100,100,100,100,psychic,1,Balanced
Treecko,40,45,35,65,55,70,grass,0,Balanced
Grovyle,50,65,45,85,65,95,grass,0,Balanced
Sceptile,70,110,75,145,85,145,grass,0,Offensive
Torchic,45,60,40,70,50,45,fire,0,Balanced
Combusken,60,85,60,85,60,55,fire,0,Balanced
Blaziken,80,160,80,130,80,100,fire,0,Offensive
Mudkip,50,70,50,50,50,40,water,0,Balanced
Marshtomp,70,85,70,60,70,50,water,0,Balanced
Swampert,100,150,110,95,110,70,water,0,Defensive
Poochyena,35,55,35,30,30,35,dark,0,Balanced
Mightyena,70,90,70,60,60,70,dark,0,Balanced
Zigzagoon,38,30,41,30,41,60,normal,0,Balanced
Linoone,78,70,61,50,61,100,normal,0,Balanced
Wurmple,45,45,35,20,30,20,bug,0,Balanced
Silcoon,50,35,55,25,25,15,bug,0,Balanced
Beautifly,60,70,50,100,50,65,bug,0,Balanced
Cascoon,50,35,55,25,25,15,bug,0,Balanced
Dustox,60,50,70,50,90,65,bug,0,Balanced
Lotad,40,30,30,40,50,30,water,0,Balanced
Lombre,60,50,50,60,70,50,water,0,Balanced
Ludicolo,80,70,70,90,100,70,water,0,Balanced
Seedot,40,40,50,30,30,30,grass,0,Balanced
Nuzleaf,70,70,40,60,40,60,grass,0,Balanced
Shiftry,90,100,60,90,60,80,grass,0,Balanced
Taillow,40,55,30,30,30,85,normal,0,Balanced
Swellow,60,85,60,75,50,125,normal,0,Speedster
Wingull,40,30,30,55,30,85,water,0,Balanced
Pelipper,60,50,100,95,70,65,water,0,Balanced
Ralts,28,25,25,45,35,40,psychic,0,Balanced
Kirlia,38,35,35,65,55,50,psychic,0,Balanced
Gardevoir,68,85,65,165,135,100,psychic,0,Special Attacker
Surskit,40,30,32,50,52,65,bug,0,Balanced
Masquerain,70,60,62,100,82,80,bug,0,Balanced
Shroomish,60,40,60,40,60,35,grass,0,Balanced
Breloom,60,130,80,60,60,70,grass,0,Balanced
Slakoth,60,60,60,35,35,30,normal,0,Balanced
Vigoroth,80,80,80,55,55,90,normal,0,Balanced
Slaking,150,160,100,95,65,100,normal,0,Offensive
Nincada,31,45,90,30,30,40,bug,0,Balanced
Ninjask,61,90,45,50,50,160,bug,0,Speedster
Shedinja,1,90,45,30,30,40,bug,0,Balanced
Whismur,64,51,23,51,23,28,normal,0,Balanced
Loudred,84,71,43,71,43,48,normal,0,Balanced
Exploud,104,91,63,91,73,68,normal,0,Balanced
Makuhita,72,60,30,20,30,25,fighting,0,Balanced
Hariyama,144,120,60,40,60,50,fighting,0,Balanced
Azurill,50,20,40,20,40,20,normal,0,Balanced
Nosepass,30,45,135,45,90,30,rock,0,Balanced
Skitty,50,45,45,35,35,50,normal,0,Balanced
Delcatty,70,65,65,55,55,90,normal,0,Balanced
Sableye,50,85,125,85,115,20,dark,0,Balanced
Mawile,50,105,125,55,95,50,steel,0,Balanced
Aron,50,70,100,40,40,30,steel,0,Balanced
Lairon,60,90,140,50,50,40,steel,0,Balanced
Aggron,70,140,230,60,80,50,steel,0,Balanced
Meditite,30,40,55,40,55,60,fighting,0,Balanced
Medicham,60,100,85,80,85,100,fighting,0,Balanced
Electrike,40,45,40,65,40,65,electric,0,Balanced
Manectric,70,75,80,135,80,135,electric,0,Speedster
Plusle,60,50,40,85,75,95,electric,0,Balanced
Minun,60,40,50,75,85,95,electric,0,Balanced
Volbeat,65,73,75,47,85,85,bug,0,Balanced
Illumise,65,47,75,73,85,85,bug,0,Balanced
Roselia,50,60,45,100,80,65,grass,0,Balanced
Gulpin,70,43,53,43,53,40,poison,0,Balanced
Swalot,100,73,83,73,83,55,poison,0,Balanced
Carvanha,45,90,20,65,20,65,water,0,Balanced
Sharpedo,70,140,70,110,65,105,water,0,Offensive
Wailmer,130,70,35,70,35,60,water,0,Balanced
Wailord,170,90,45,90,45,60,water,0,Balanced
Numel,60,60,40,65,45,35,fire,0,Balanced
Camerupt,70,120,100,145,105,20,fire,0,Special Attacker
Torkoal,70,85,140,85,70,20,fire,0,Balanced
Spoink,60,25,35,70,80,60,psychic,0,Balanced
Grumpig,80,45,65,90,110,80,psychic,0,Balanced
Spinda,60,60,60,60,60,60,normal,0,Balanced
Trapinch,45,100,45,45,45,10,ground,0,Balanced
Vibrava,50,70,50,50,50,70,ground,0,Balanced
Flygon,80,100,80,80,80,100,ground,0,Balanced
Cacnea,50,85,40,85,40,35,grass,0,Balanced
Cacturne,70,115,60,115,60,55,grass,0,Special Attacker
Swablu,45,40,60,40,75,50,normal,0,Balanced
Altaria,75,110,110,110,105,80,dragon,0,Special Attacker
Zangoose,73,115,60,60,60,90,normal,0,Offensive
Seviper,73,100,60,100,60,65,poison,0,Balanced
Lunatone,90,55,65,95,85,70,rock,0,Balanced
Solrock,90,95,85,55,65,70,rock,0,Balanced
Barboach,50,48,43,46,41,60,water,0,Balanced
Whiscash,110,78,73,76,71,60,water,0,Balanced
Corphish,43,80,65,50,35,35,water,0,Balanced
Crawdaunt,63,120,85,90,55,55,water,0,Balanced
Baltoy,40,40,55,40,70,55,ground,0,Balanced
Claydol,60,70,105,70,120,75,ground,0,Balanced
Lileep,66,41,77,61,87,23,rock,0,Balanced
Cradily,86,81,97,81,107,43,rock,0,Balanced
Anorith,45,95,50,40,50,75,rock,0,Balanced
Armaldo,75,125,100,70,80,45,rock,0,Balanced
Feebas,20,15,20,10,55,80,water,0,Balanced
Milotic,95,60,79,100,125,81,water,0,Balanced
Castform,70,70,70,70,70,70,normal,0,Balanced
Kecleon,60,90,70,60,120,40,normal,0,Balanced
Shuppet,44,75,35,63,33,45,ghost,0,Balanced
Banette,64,165,75,93,83,75,ghost,0,Balanced
Duskull,20,40,90,30,90,25,ghost,0,Balanced
Dusclops,40,70,130,60,130,25,ghost,0,Balanced
Tropius,99,68,83,72,87,51,grass,0,Balanced
Chimecho,75,50,80,95,90,65,psychic,0,Balanced
Absol,65,150,60,115,60,115,dark,0,Offensive
Wynaut,95,23,48,23,48,23,psychic,0,Balanced
Snorunt,50,50,50,50,50,50,ice,0,Balanced
Glalie,80,120,80,120,80,100,ice,0,Offensive
Spheal,70,40,50,55,50,25,ice,0,Balanced
Sealeo,90,60,70,75,70,45,ice,0,Balanced
Walrein,110,80,90,95,90,65,ice,0,Balanced
Clamperl,35,64,85,74,55,32,water,0,Balanced
Huntail,55,104,105,94,75,52,water,0,Balanced
Gorebyss,55,84,105,114,75,52,water,0,Special Attacker
Relicanth,100,90,130,45,65,55,water,0,Defensive
Luvdisc,43,30,55,40,65,97,water,0,Balanced
Bagon,45,75,60,40,30,50,dragon,0,Balanced
Shelgon,65,95,100,60,50,50,dragon,0,Balanced
Salamence,95,145,130,120,90,120,dragon,0,Offensive
Beldum,40,55,80,35,60,30,steel,0,Balanced
Metang,60,75,100,55,80,50,steel,0,Balanced
Metagross,80,145,150,105,110,110,steel,0,Offensive
Regirock,80,100,200,50,100,50,rock,1,Balanced
Regice,80,50,100,100,200,50,ice,1,Balanced
Registeel,80,75,150,75,150,50,steel,1,Balanced
Latias,80,100,120,140,150,110,dragon,1,Speedster
Latios,80,130,100,160,120,110,dragon,1,Offensive
Kyogre,100,150,90,180,160,90,water,1,Offensive
Groudon,100,180,160,150,90,90,ground,1,Offensive
Rayquaza,105,180,100,180,100,115,dragon,1,Offensive
Jirachi,100,100,100,100,100,100,steel,1,Balanced
Deoxys,50,95,90,95,90,180,psychic,1,Speedster
Turtwig,55,68,64,45,55,31,grass,0,Balanced
Grotle,75,89,85,55,65,36,grass,0,Balanced
Torterra,95,109,105,75,85,56,grass,0,Defensive
Chimchar,44,58,44,58,44,61,fire,0,Balanced
Monferno,64,78,52,78,52,81,fire,0,Balanced
Infernape,76,104,71,104,71,108,fire,0,Offensive
Piplup,53,51,53,61,56,40,water,0,Balanced
Prinplup,64,66,68,81,76,50,water,0,Balanced
Empoleon,84,86,88,111,101,60,water,0,Special Attacker
Starly,40,55,30,30,30,60,normal,0,Balanced
Staravia,55,75,50,40,40,80,normal,0,Balanced
Staraptor,85,120,70,50,60,100,normal,0,Offensive
Bidoof,59,45,40,35,40,31,normal,0,Balanced
Bibarel,79,85,60,55,60,71,normal,0,Balanced
Kricketot,37,25,41,25,41,25,bug,0,Balanced
Kricketune,77,85,51,55,51,65,bug,0,Balanced
Shinx,45,65,34,40,34,45,electric,0,Balanced
Luxio,60,85,49,60,49,60,electric,0,Balanced
Luxray,80,120,79,95,79,70,electric,0,Balanced
Budew,40,30,35,50,70,55,grass,0,Balanced
Roserade,60,70,65,125,105,90,grass,0,Special Attacker
Cranidos,67,125,40,30,30,58,rock,0,Balanced
Rampardos,97,165,60,65,50,58,rock,0,Balanced
Shieldon,30,42,118,42,88,30,rock,0,Balanced
Bastiodon,60,52,168,47,138,30,rock,0,Balanced
Burmy,40,29,45,29,45,36,bug,0,Balanced
Wormadam,60,69,95,69,95,36,bug,0,Balanced
Mothim,70,94,50,94,50,66,bug,0,Balanced
Combee,30,30,42,30,42,70,bug,0,Balanced
Vespiquen,70,80,102,80,102,40,bug,0,Balanced
Pachirisu,60,45,70,45,90,95,electric,0,Balanced
Buizel,55,65,35,60,30,85,water,0,Balanced
Floatzel,85,105,55,85,50,115,water,0,Offensive
Cherubi,45,35,45,62,53,35,grass,0,Balanced
Cherrim,70,60,70,87,78,85,grass,0,Balanced
Shellos,76,48,48,57,62,34,water,0,Balanced
Gastrodon,111,83,68,92,82,39,water,0,Balanced
Ambipom,75,100,66,60,66,115,normal,0,Speedster
Drifloon,90,50,34,60,44,70,ghost,0,Balanced
Drifblim,150,80,44,90,54,80,ghost,0,Balanced
Buneary,55,66,44,44,56,85,normal,0,Balanced
Lopunny,65,136,94,54,96,135,normal,0,Offensive
Mismagius,60,60,60,105,105,105,ghost,0,Speedster
Honchkrow,100,125,52,105,52,71,dark,0,Special Attacker
Glameow,49,55,42,42,37,85,normal,0,Balanced
Purugly,71,82,64,64,59,112,normal,0,Speedster
Chingling,45,30,50,65,50,45,psychic,0,Balanced
Stunky,63,63,47,41,41,74,poison,0,Balanced
Skuntank,103,93,67,71,61,84,poison,0,Balanced
Bronzor,57,24,86,24,86,23,steel,0,Balanced
Bronzong,67,89,116,79,116,33,steel,0,Balanced
Bonsly,50,80,95,10,45,10,rock,0,Balanced
Mime Jr.,20,25,45,70,90,60,psychic,0,Balanced
Happiny,100,5,5,15,65,30,normal,0,Balanced
Chatot,76,65,45,92,42,91,normal,0,Balanced
Spiritomb,50,92,108,92,108,35,ghost,0,Balanced
Gible,58,70,45,40,45,42,dragon,0,Balanced
Gabite,68,90,65,50,55,82,dragon,0,Balanced
Garchomp,108,170,115,120,95,92,dragon,0,Offensive
Munchlax,135,85,40,40,85,5,normal,0,Balanced
Riolu,40,70,40,35,40,60,fighting,0,Balanced
Lucario,70,145,88,140,70,112,fighting,0,Offensive
Hippopotas,68,72,78,38,42,32,ground,0,Balanced
Hippowdon,108,112,118,68,72,47,ground,0,Defensive
Skorupi,40,50,90,30,55,65,poison,0,Balanced
Drapion,70,90,110,60,75,95,poison,0,Balanced
Croagunk,48,61,40,61,40,50,poison,0,Balanced
Toxicroak,83,106,65,86,65,85,poison,0,Offensive
Carnivine,74,100,72,90,72,46,grass,0,Balanced
Finneon,49,49,56,49,61,66,water,0,Balanced
Lumineon,69,69,76,69,86,91,water,0,Balanced
Mantyke,45,20,50,60,120,50,water,0,Balanced
Snover,60,62,50,62,60,40,grass,0,Balanced
Abomasnow,90,132,105,132,105,30,grass,0,Defensive
Weavile,70,120,65,45,85,125,dark,0,Offensive
Magnezone,70,70,115,130,90,60,electric,0,Special Attacker
Lickilicky,110,85,95,80,95,50,normal,0,Balanced
Rhyperior,115,140,130,55,55,40,ground,0,Defensive
Tangrowth,100,100,125,110,50,50,grass,0,Defensive
Electivire,75,123,67,95,85,95,electric,0,Offensive
Magmortar,75,95,67,125,95,83,fire,0,Special Attacker
Togekiss,85,50,95,120,115,80,fairy,0,Special Attacker
Yanmega,86,76,86,116,56,95,bug,0,Special Attacker
Leafeon,65,110,130,60,65,95,grass,0,Offensive
Glaceon,65,60,110,130,95,65,ice,0,Special Attacker
Gliscor,75,95,125,45,75,95,ground,0,Balanced
Mamoswine,110,130,80,70,60,80,ice,0,Balanced
Porygon-Z,85,80,70,135,75,90,normal,0,Special Attacker
Gallade,68,165,95,65,115,110,psychic,0,Offensive
Probopass,60,55,145,75,150,40,rock,0,Balanced
Dusknoir,45,100,135,65,135,45,ghost,0,Balanced
Froslass,70,80,70,80,70,110,ice,0,Speedster
Rotom,50,65,107,105,107,86,electric,0,Special Attacker
Uxie,75,75,130,75,130,95,psychic,1,Balanced
Mesprit,80,105,105,105,105,80,psychic,1,Special Attacker
Azelf,75,125,70,125,70,115,psychic,1,Offensive
Dialga,100,120,120,150,100,90,steel,1,Offensive
Palkia,90,120,100,150,120,100,water,1,Offensive
Heatran,91,90,106,130,106,77,fire,1,Defensive
Regigigas,110,160,110,80,110,100,normal,1,Offensive
Giratina,150,120,100,120,100,90,ghost,1,Offensive
Cresselia,120,70,120,75,130,85,psychic,1,Defensive
Phione,80,80,80,80,80,80,water,0,Balanced
Manaphy,100,100,100,100,100,100,water,1,Balanced
Darkrai,70,90,90,135,90,125,dark,1,Speedster
Shaymin,100,103,75,120,75,127,grass,1,Offensive
Arceus,120,120,120,120,120,120,normal,1,Offensive
Victini,100,100,100,100,100,100,psychic,1,Balanced
Snivy,45,45,55,45,55,63,grass,0,Balanced
Servine,60,60,75,60,75,83,grass,0,Balanced
Serperior,75,75,95,75,95,113,grass,0,Speedster
Tepig,65,63,45,45,45,45,fire,0,Balanced
Pignite,90,93,55,70,55,55,fire,0,Balanced
Emboar,110,123,65,100,65,65,fire,0,Balanced
Oshawott,55,55,45,63,45,45,water,0,Balanced
Dewott,75,75,60,83,60,60,water,0,Balanced
Samurott,95,100,85,108,70,70,water,0,Special Attacker
Patrat,45,55,39,35,39,42,normal,0,Balanced
Watchog,60,85,69,60,69,77,normal,0,Balanced
Lillipup,45,60,45,25,45,55,normal,0,Balanced
Herdier,65,80,65,35,65,60,normal,0,Balanced
Stoutland,85,110,90,45,90,80,normal,0,Balanced
Purrloin,41,50,37,50,37,66,dark,0,Balanced
Liepard,64,88,50,88,50,106,dark,0,Speedster
Pansage,50,53,48,53,48,64,grass,0,Balanced
Simisage,75,98,63,98,63,101,grass,0,Speedster
Pansear,50,53,48,53,48,64,fire,0,Balanced
Simisear,75,98,63,98,63,101,fire,0,Speedster
Panpour,50,53,48,53,48,64,water,0,Balanced
Simipour,75,98,63,98,63,101,water,0,Speedster
Munna,76,25,45,67,55,24,psychic,0,Balanced
Musharna,116,55,85,107,95,29,psychic,0,Special Attacker
Pidove,50,55,50,36,30,43,normal,0,Balanced
Tranquill,62,77,62,50,42,65,normal,0,Balanced
Unfezant,80,115,80,65,55,93,normal,0,Offensive
Blitzle,45,60,32,50,32,76,electric,0,Balanced
Zebstrika,75,100,63,80,63,116,electric,0,Speedster
Roggenrola,55,75,85,25,25,15,rock,0,Balanced
Boldore,70,105,105,50,40,20,rock,0,Balanced
Gigalith,85,135,130,60,80,25,rock,0,Defensive
Woobat,65,45,43,55,43,72,psychic,0,Balanced
Swoobat,67,57,55,77,55,114,psychic,0,Speedster
Drilbur,60,85,40,30,45,68,ground,0,Balanced
Excadrill,110,135,60,50,65,88,ground,0,Offensive
Audino,103,60,126,80,126,50,normal,0,Defensive
Timburr,75,80,55,25,35,35,fighting,0,Balanced
Gurdurr,85,105,85,40,50,40,fighting,0,Balanced
Conkeldurr,105,140,95,55,65,45,fighting,0,Balanced
Tympole,50,50,40,50,40,64,water,0,Balanced
Palpitoad,75,65,55,65,55,69,water,0,Balanced
Seismitoad,105,95,75,85,75,74,water,0,Balanced
Throh,120,100,85,30,85,45,fighting,0,Balanced
Sawk,75,125,75,30,75,85,fighting,0,Offensive
Sewaddle,45,53,70,40,60,42,bug,0,Balanced
Swadloon,55,63,90,50,80,42,bug,0,Balanced
Leavanny,75,103,80,70,80,92,bug,0,Offensive
Venipede,30,45,59,30,39,57,bug,0,Balanced
Whirlipede,40,55,99,40,79,47,bug,0,Balanced
Scolipede,60,100,89,55,69,112,bug,0,Speedster
Cottonee,40,27,60,37,50,66,grass,0,Balanced
Whimsicott,60,67,85,77,75,116,grass,0,Speedster
Petilil,45,35,50,70,50,30,grass,0,Balanced
Lilligant,70,60,75,110,75,90,grass,0,Special Attacker
Basculin,70,92,65,80,55,98,water,0,Balanced
Sandile,50,72,35,35,35,65,ground,0,Balanced
Krokorok,60,82,45,45,45,74,ground,0,Balanced
Krookodile,95,117,80,65,70,92,ground,0,Offensive
Darumaka,70,90,45,15,45,50,fire,0,Balanced
Darmanitan,105,30,105,140,105,55,fire,0,Defensive
Maractus,75,86,67,106,67,60,grass,0,Special Attacker
Dwebble,50,65,85,35,35,55,bug,0,Balanced
Crustle,70,105,125,65,75,45,bug,0,Balanced
Scraggy,50,75,70,35,70,48,dark,0,Balanced
Scrafty,65,90,115,45,115,58,dark,0,Balanced
Sigilyph,72,58,80,103,80,97,psychic,0,Special Attacker
Yamask,38,30,85,55,65,30,ghost,0,Balanced
Cofagrigus,58,50,145,95,105,30,ghost,0,Balanced
Tirtouga,54,78,103,53,45,22,water,0,Balanced
Carracosta,74,108,133,83,65,32,water,0,Balanced
Archen,55,112,45,74,45,70,rock,0,Balanced
Archeops,75,140,65,112,65,110,rock,0,Offensive
Trubbish,50,50,62,40,62,65,poison,0,Balanced
Garbodor,80,95,82,60,82,75,poison,0,Balanced
Zorua,40,65,40,80,40,65,dark,0,Balanced
Zoroark,60,105,60,120,60,105,dark,0,Offensive
Minccino,55,50,40,40,40,75,normal,0,Balanced
Cinccino,75,95,60,65,60,115,normal,0,Speedster
Gothita,45,30,50,55,65,45,psychic,0,Balanced
Gothorita,60,45,70,75,85,55,psychic,0,Balanced
Gothitelle,70,55,95,95,110,65,psychic,0,Balanced
Solosis,45,30,40,105,50,20,psychic,0,Special Attacker
Duosion,65,40,50,125,60,30,psychic,0,Special Attacker
Reuniclus,110,65,75,125,85,30,psychic,0,Special Attacker
Ducklett,62,44,50,44,50,55,water,0,Balanced
Swanna,75,87,63,87,63,98,water,0,Balanced
Vanillite,36,50,50,65,60,44,ice,0,Balanced
Vanillish,51,65,65,80,75,59,ice,0,Balanced
Vanilluxe,71,95,85,110,95,79,ice,0,Special Attacker
Deerling,60,60,50,40,50,75,normal,0,Balanced
Sawsbuck,80,100,70,60,70,95,normal,0,Balanced
Emolga,55,75,60,75,60,103,electric,0,Speedster
Karrablast,50,75,45,40,45,60,bug,0,Balanced
Escavalier,70,135,105,60,105,20,bug,0,Balanced
Foongus,69,55,45,55,55,15,grass,0,Balanced
Amoonguss,114,85,70,85,80,30,grass,0,Balanced
Frillish,55,40,50,65,85,40,water,0,Balanced
Jellicent,100,60,70,85,105,60,water,0,Balanced
Alomomola,165,75,80,40,45,65,water,0,Balanced
Joltik,50,47,50,57,50,65,bug,0,Balanced
Galvantula,70,77,60,97,60,108,bug,0,Speedster
Ferroseed,44,50,91,24,86,10,grass,0,Balanced
Ferrothorn,74,94,131,54,116,20,grass,0,Balanced
Klink,40,55,70,45,60,30,steel,0,Balanced
Klang,60,80,95,70,85,50,steel,0,Balanced
Klinklang,60,100,115,70,85,90,steel,0,Balanced
Tynamo,35,55,40,45,40,60,electric,0,Balanced
Eelektrik,65,85,70,75,70,40,electric,0,Balanced
Eelektross,85,115,80,105,80,50,electric,0,Special Attacker
Elgyem,55,55,55,85,55,30,psychic,0,Balanced
Beheeyem,75,75,75,125,95,40,psychic,0,Special Attacker
Litwick,50,30,55,65,55,20,ghost,0,Balanced
Lampent,60,40,60,95,60,55,ghost,0,Balanced
Chandelure,60,55,90,145,90,80,ghost,0,Special Attacker
Axew,46,87,60,30,40,57,dragon,0,Balanced
Fraxure,66,117,70,40,50,67,dragon,0,Balanced
Haxorus,76,147,90,60,70,97,dragon,0,Offensive
Cubchoo,55,70,40,60,40,40,ice,0,Balanced
Beartic,95,130,80,70,80,50,ice,0,Balanced
Cryogonal,80,50,50,95,135,105,ice,0,Speedster
Shelmet,50,40,85,40,65,25,bug,0,Balanced
Accelgor,80,70,40,100,60,145,bug,0,Speedster
Stunfisk,109,66,84,81,99,32,ground,0,Balanced
Mienfoo,45,85,50,55,50,65,fighting,0,Balanced
Mienshao,65,125,60,95,60,105,fighting,0,Offensive
Druddigon,77,120,90,60,90,48,dragon,0,Balanced
Golett,59,74,50,35,50,35,ground,0,Balanced
Golurk,89,124,80,55,80,55,ground,0,Balanced
Pawniard,45,85,70,40,40,60,dark,0,Balanced
Bisharp,65,125,100,60,70,70,dark,0,Balanced
Bouffalant,95,110,95,40,95,55,normal,0,Balanced
Rufflet,70,83,50,37,50,60,normal,0,Balanced
Braviary,100,123,75,57,75,80,normal,0,Balanced
Vullaby,70,55,75,45,65,60,dark,0,Balanced
Mandibuzz,110,65,105,55,95,80,dark,0,Defensive
Heatmor,85,97,66,105,66,65,fire,0,Special Attacker
Durant,58,109,112,48,48,109,bug,0,Offensive
Deino,52,65,50,45,50,38,dark,0,Balanced
Zweilous,72,85,70,65,70,58,dark,0,Balanced
Hydreigon,92,105,90,125,90,98,dark,0,Offensive
Larvesta,55,85,55,50,55,60,bug,0,Balanced
Volcarona,85,60,65,135,105,100,bug,0,Special Attacker
Cobalion,91,90,129,90,72,108,steel,1,Defensive
Terrakion,91,129,90,72,90,108,rock,1,Offensive
Virizion,91,90,72,90,129,108,grass,1,Speedster
Tornadus,79,100,80,110,90,121,flying,1,Speedster
Thundurus,79,105,70,145,80,101,electric,1,Offensive
Reshiram,100,120,100,150,120,90,dragon,1,Offensive
Zekrom,100,150,120,120,100,90,dragon,1,Offensive
Landorus,89,145,90,105,80,91,ground,1,Offensive
Kyurem,125,120,90,170,100,95,dragon,1,Offensive
Keldeo,91,72,90,129,90,108,water,1,Speedster
Meloetta,100,128,90,77,77,128,normal,1,Offensive
Genesect,71,120,95,120,95,99,bug,1,Offensive
Chespin,56,61,65,48,45,38,grass,0,Balanced
Quilladin,61,78,95,56,58,57,grass,0,Balanced
Chesnaught,88,107,122,74,75,64,grass,0,Defensive
Fennekin,40,45,40,62,60,60,fire,0,Balanced
Braixen,59,59,58,90,70,73,fire,0,Balanced
Delphox,75,69,72,114,100,104,fire,0,Speedster
Froakie,41,56,40,62,44,71,water,0,Balanced
Frogadier,54,63,52,83,56,97,water,0,Balanced
Greninja,72,145,67,153,71,132,water,0,Offensive
Bunnelby,38,36,38,32,36,57,normal,0,Balanced
Diggersby,85,56,77,50,77,78,normal,0,Balanced
Fletchling,45,50,43,40,38,62,normal,0,Balanced
Fletchinder,62,73,55,56,52,84,fire,0,Balanced
Talonflame,78,81,71,74,69,126,fire,0,Speedster
Scatterbug,38,35,40,27,25,35,bug,0,Balanced
Spewpa,45,22,60,27,30,29,bug,0,Balanced
Vivillon,80,52,50,90,50,89,bug,0,Balanced
Litleo,62,50,58,73,54,72,fire,0,Balanced
Pyroar,86,68,72,109,66,106,fire,0,Speedster
Flabébé,44,38,39,61,79,42,fairy,0,Balanced
Floette,74,65,67,125,128,92,fairy,0,Special Attacker
Florges,78,65,68,112,154,75,fairy,0,Special Attacker
Skiddo,66,65,48,62,57,52,grass,0,Balanced
Gogoat,123,100,62,97,81,68,grass,0,Balanced
Pancham,67,82,62,46,48,43,fighting,0,Balanced
Pangoro,95,124,78,69,71,58,fighting,0,Balanced
Furfrou,75,80,60,65,90,102,normal,0,Speedster
Espurr,62,48,54,63,60,68,psychic,0,Balanced
Meowstic,74,48,76,83,81,104,psychic,0,Speedster
Honedge,45,80,100,35,37,28,steel,0,Balanced
Doublade,59,110,150,45,49,35,steel,0,Balanced
Aegislash,60,150,50,150,50,60,steel,0,Special Attacker
Spritzee,78,52,60,63,65,23,fairy,0,Balanced
Aromatisse,101,72,72,99,89,29,fairy,0,Balanced
Swirlix,62,48,66,59,57,49,fairy,0,Balanced
Slurpuff,82,80,86,85,75,72,fairy,0,Balanced
Inkay,53,54,53,37,46,45,dark,0,Balanced
Malamar,86,92,88,68,75,73,dark,0,Balanced
Binacle,42,52,67,39,56,50,rock,0,Balanced
Barbaracle,72,105,115,54,86,68,rock,0,Balanced
Skrelp,50,60,60,60,60,30,poison,0,Balanced
Dragalge,65,75,90,97,123,44,poison,0,Balanced
Clauncher,50,53,62,58,63,44,water,0,Balanced
Clawitzer,71,73,88,120,89,59,water,0,Special Attacker
Helioptile,44,38,33,61,43,70,electric,0,Balanced
Heliolisk,62,55,52,109,94,109,electric,0,Speedster
Tyrunt,58,89,77,45,45,48,rock,0,Balanced
Tyrantrum,82,121,119,69,59,71,rock,0,Defensive
Amaura,77,59,50,67,63,46,rock,0,Balanced
Aurorus,123,77,72,99,92,58,rock,0,Balanced
Sylveon,95,65,65,110,130,60,fairy,0,Special Attacker
Hawlucha,78,92,75,74,63,118,fighting,0,Speedster
Dedenne,67,58,57,81,67,101,electric,0,Speedster
Carbink,50,50,150,50,150,50,rock,0,Balanced
Goomy,45,50,35,55,75,40,dragon,0,Balanced
Sliggoo,68,75,53,83,113,60,dragon,0,Balanced
Goodra,90,100,70,110,150,80,dragon,0,Special Attacker
Klefki,57,80,91,80,87,75,steel,0,Balanced
Phantump,43,70,48,50,60,38,ghost,0,Balanced
Trevenant,85,110,76,65,82,56,ghost,0,Balanced
Pumpkaboo,59,66,70,44,55,41,ghost,0,Balanced
Gourgeist,85,100,122,58,75,54,ghost,0,Defensive
Bergmite,55,69,85,32,35,28,ice,0,Balanced
Avalugg,95,117,184,44,46,28,ice,0,Defensive
Noibat,40,30,35,45,40,55,flying,0,Balanced
Noivern,85,70,80,97,80,123,flying,0,Speedster
Xerneas,126,131,95,131,98,99,fairy,1,Offensive
Yveltal,126,131,95,131,98,99,dark,1,Offensive
Zygarde,216,100,121,91,95,85,dragon,1,Defensive
Diancie,50,160,110,160,110,110,rock,1,Offensive
Hoopa,80,160,60,170,130,80,psychic,1,Special Attacker
Volcanion,80,110,120,130,90,70,fire,1,Special Attacker
Rowlet,68,55,55,50,50,42,grass,0,Balanced
Dartrix,78,75,75,70,70,52,grass,0,Balanced
Decidueye,78,107,75,100,100,70,grass,0,Balanced
Litten,45,65,40,60,40,70,fire,0,Balanced
Torracat,65,85,50,80,50,90,fire,0,Balanced
Incineroar,95,115,90,80,90,60,fire,0,Balanced
Popplio,50,54,54,66,56,40,water,0,Balanced
Brionne,60,69,69,91,81,50,water,0,Balanced
Primarina,80,74,74,126,116,60,water,0,Special Attacker
Pikipek,35,75,30,30,30,65,normal,0,Balanced
Trumbeak,55,85,50,40,50,75,normal,0,Balanced
Toucannon,80,120,75,75,75,60,normal,0,Balanced
Yungoos,48,70,30,30,30,45,normal,0,Balanced
Gumshoos,88,110,60,55,60,45,normal,0,Balanced
Grubbin,47,62,45,55,45,46,bug,0,Balanced
Charjabug,57,82,95,55,75,36,bug,0,Balanced
Vikavolt,77,70,90,145,75,43,bug,0,Special Attacker
Crabrawler,47,82,57,42,47,63,fighting,0,Balanced
Crabominable,97,132,77,62,67,43,fighting,0,Balanced
Oricorio,75,70,70,98,70,93,fire,0,Balanced
Cutiefly,40,45,40,55,40,84,bug,0,Balanced
Ribombee,60,55,60,95,70,124,bug,0,Speedster
Rockruff,45,65,40,30,40,60,rock,0,Balanced
Lycanroc,85,115,75,55,75,82,rock,0,Offensive
Wishiwashi,45,140,130,140,135,30,water,0,Special Attacker
Mareanie,50,53,62,43,52,45,poison,0,Balanced
Toxapex,50,63,152,53,142,35,poison,0,Balanced
Mudbray,70,100,70,45,55,45,ground,0,Balanced
Mudsdale,100,125,100,55,85,35,ground,0,Balanced
Dewpider,38,40,52,40,72,27,water,0,Balanced
Araquanid,68,70,92,50,132,42,water,0,Balanced
Fomantis,40,55,35,50,35,35,grass,0,Balanced
Lurantis,70,105,90,80,90,45,grass,0,Balanced
Morelull,40,35,55,65,75,15,grass,0,Balanced
Shiinotic,60,45,80,90,100,30,grass,0,Balanced
Salandit,48,44,40,71,40,77,poison,0,Balanced
Salazzle,68,64,60,111,60,117,poison,0,Speedster
Stufful,70,75,50,45,50,50,normal,0,Balanced
Bewear,120,125,80,55,60,60,normal,0,Balanced
Bounsweet,42,30,38,30,38,32,grass,0,Balanced
Steenee,52,40,48,40,48,62,grass,0,Balanced
Tsareena,72,120,98,50,98,72,grass,0,Balanced
Comfey,51,52,90,82,110,100,fairy,0,Balanced
Oranguru,90,60,80,90,110,60,normal,0,Balanced
Passimian,100,120,90,40,60,80,fighting,0,Balanced
Wimpod,25,35,40,20,30,80,bug,0,Balanced
Golisopod,75,125,140,60,90,40,bug,0,Balanced
Sandygast,55,55,80,70,45,15,ghost,0,Balanced
Palossand,85,75,110,100,75,35,ghost,0,Defensive
Pyukumuku,55,60,130,30,130,5,water,0,Balanced
Type: Null,95,95,95,95,95,59,normal,0,Balanced
Silvally,95,95,95,95,95,95,normal,0,Balanced
Minior,60,100,60,100,60,120,rock,0,Speedster
Komala,65,115,65,75,95,65,normal,0,Balanced
Turtonator,60,78,135,91,85,36,fire,0,Balanced
Togedemaru,65,98,63,40,73,96,electric,0,Balanced
Mimikyu,55,90,80,50,105,96,ghost,0,Balanced
Bruxish,68,105,70,70,70,92,water,0,Offensive
Drampa,78,60,85,135,91,36,normal,0,Special Attacker
Dhelmise,70,131,100,86,90,40,ghost,0,Balanced
Jangmo-o,45,55,65,45,45,45,dragon,0,Balanced
Hakamo-o,55,75,90,65,70,65,dragon,0,Balanced
Kommo-o,75,110,125,100,105,85,dragon,0,Offensive
Tapu Koko,70,115,85,95,75,130,electric,1,Offensive
Tapu Lele,70,85,75,130,115,95,psychic,1,Special Attacker
Tapu Bulu,70,130,115,85,95,75,grass,1,Balanced
Tapu Fini,70,75,115,95,130,85,water,1,Balanced
Cosmog,43,29,31,29,31,37,psychic,1,Balanced
Cosmoem,43,29,131,29,131,37,psychic,1,Balanced
Solgaleo,137,137,107,113,89,97,psychic,1,Offensive
Lunala,137,113,89,137,107,97,psychic,1,Offensive
Nihilego,109,53,47,127,131,103,rock,1,Speedster
Buzzwole,107,139,139,53,53,79,bug,1,Defensive
Pheromosa,71,137,37,137,37,151,bug,1,Offensive
Xurkitree,83,89,71,173,71,83,electric,1,Special Attacker
Celesteela,97,101,103,107,101,61,steel,1,Defensive
Kartana,59,181,131,59,31,109,grass,1,Offensive
Guzzlord,223,101,53,97,53,43,dark,1,Balanced
Necrozma,97,107,101,127,89,79,psychic,1,Defensive
Magearna,80,95,115,130,115,65,steel,1,Special Attacker
